{
	"credit": "Made with Blockbench",
	"parent": "block/block",
	"textures": {
		"1": "computercraft:block/turtle_advanced_modem_upgrade",
		"2": "computercraft:block/wireless_antenna"
	},
	"elements": [
		{
			"from": [0, 3, 3],
			"to": [2, 13, 11],
			"faces": {
				"north": {"uv": [11, 0, 10, 5], "texture": "#1"},
				"east": {"uv": [0, 0, 5, 5], "texture": "#1"},
				"south": {"uv": [10, 0, 11, 5], "texture": "#1"},
				"west": {"uv": [5, 0, 10, 5], "texture": "#1"},
				"up": {"uv": [5, 5.5, 10, 4.5], "rotation": 90, "texture": "#1"},
				"down": {"uv": [5, 5.5, 10, 4.5], "rotation": 90, "texture": "#1"}
			}
		},
		{
			"name": "Antenne",
			"from": [-1, 10, 4],
			"to": [0, 19, 5],
			"faces": {
				"north": {"uv": [1, 1, 2, 10], "texture": "#2"},
				"east": {"uv": [1, 1, 2, 10], "texture": "#2"},
				"south": {"uv": [1, 1, 2, 10], "texture": "#2"},
				"west": {"uv": [1, 1, 2, 10], "texture": "#2"},
				"up": {"uv": [1, 1, 2, 2], "texture": "#2"},
				"down": {"uv": [1, 9, 2, 10], "texture": "#2"}
			}
		},
		{
			"from": [-7.14386, 14.77791, 2],
			"to": [-5.14386, 14.77791, 7],
			"rotation": {"angle": -22.5, "axis": "z", "origin": [-1, 10, 4]},
			"faces": {
				"north": {"uv": [0, 0, 2, 0], "texture": "#2"},
				"east": {"uv": [0, 0, 5, 0], "texture": "#2"},
				"south": {"uv": [0, 0, 2, 0], "texture": "#2"},
				"west": {"uv": [0, 0, 5, 0], "texture": "#2"},
				"up": {"uv": [3, 1, 5, 6], "texture": "#2"},
				"down": {"uv": [3, 1, 5, 6], "texture": "#2"}
			}
		},
		{
			"from": [-3, 16, 2],
			"to": [2, 16, 7],
			"rotation": {"angle": 0, "axis": "y", "origin": [-1, 10, 4]},
			"faces": {
				"north": {"uv": [0, 0, 5, 0], "texture": "#2"},
				"east": {"uv": [0, 0, 5, 0], "texture": "#2"},
				"south": {"uv": [0, 0, 5, 0], "texture": "#2"},
				"west": {"uv": [0, 0, 5, 0], "texture": "#2"},
				"up": {"uv": [4, 1, 9, 6], "texture": "#2"},
				"down": {"uv": [4, 1, 9, 6], "texture": "#2"}
			}
		},
		{
			"from": [-3, 14.77791, -2.14386],
			"to": [2, 14.77791, -0.14386],
			"rotation": {"angle": 22.5, "axis": "x", "origin": [-1, 10, 4]},
			"faces": {
				"north": {"uv": [0, 0, 5, 0], "texture": "#2"},
				"east": {"uv": [0, 0, 2, 0], "texture": "#2"},
				"south": {"uv": [0, 0, 5, 0], "texture": "#2"},
				"west": {"uv": [0, 0, 2, 0], "texture": "#2"},
				"up": {"uv": [4, 0, 9, 2], "texture": "#2"},
				"down": {"uv": [4, 2, 9, 0], "texture": "#2"}
			}
		},
		{
			"from": [-3, 14.39523, 9.06774],
			"to": [2, 14.39523, 11.06774],
			"rotation": {"angle": -22.5, "axis": "x", "origin": [-1, 10, 4]},
			"faces": {
				"north": {"uv": [0, 0, 5, 0], "texture": "#2"},
				"east": {"uv": [0, 0, 2, 0], "texture": "#2"},
				"south": {"uv": [0, 0, 5, 0], "texture": "#2"},
				"west": {"uv": [0, 0, 2, 0], "texture": "#2"},
				"up": {"uv": [4, 5, 9, 7], "texture": "#2"},
				"down": {"uv": [4, 7, 9, 5], "texture": "#2"}
			}
		},
		{
			"from": [4.06774, 14.39523, 2],
			"to": [6.06774, 14.39523, 7],
			"rotation": {"angle": 22.5, "axis": "z", "origin": [-1, 10, 4]},
			"faces": {
				"north": {"uv": [0, 0, 2, 0], "texture": "#2"},
				"east": {"uv": [0, 0, 5, 0], "texture": "#2"},
				"south": {"uv": [0, 0, 2, 0], "texture": "#2"},
				"west": {"uv": [0, 0, 5, 0], "texture": "#2"},
				"up": {"uv": [8, 1, 10, 6], "texture": "#2"},
				"down": {"uv": [8, 1, 10, 6], "texture": "#2"}
			}
		}
	],
	"groups": [
		0,
		1,
		{
			"name": "Parabole",
			"origin": [0, 0, 0],
			"color": 0,
			"children": [2, 3, 4, 5, 6]
		}
	]
}