{
  "type": "forge:conditional",
  "fabric:load_conditions": [
    {
      "condition": "tconstruct:tag_difference_present",
      "registry": "minecraft:item",
      "base": "c:ores/silver",
      "subtracted": [
        "c:ore_rates/sparse",
        "c:ore_rates/dense"
      ]
    }
  ],
  "recipes": [
    {
      "fabric:load_conditions": [
        {
          "condition": "fabric:item_tags_populated",
          "values": [
            "c:ingots/lead"
          ]
        }
      ],
      "recipe": {
        "type": "tconstruct:ore_melting",
        "rate": "metal",
        "ingredient": {
          "type": "forge:difference",
          "base": {
            "tag": "c:ores/silver"
          },
          "subtracted": [
            {
              "tag": "c:ore_rates/sparse"
            },
            {
              "tag": "c:ore_rates/dense"
            }
          ]
        },
        "result": {
          "fluid": "tconstruct:molten_silver",
          "amount": 18000
        },
        "temperature": 790,
        "time": 150,
        "byproducts": [
          {
            "fluid": "tconstruct:molten_lead",
            "amount": 18000
          }
        ]
      }
    },
    {
      "fabric:load_conditions": [
        {
          "condition": "porting_lib:true"
        }
      ],
      "recipe": {
        "type": "tconstruct:ore_melting",
        "rate": "metal",
        "ingredient": {
          "type": "forge:difference",
          "base": {
            "tag": "c:ores/silver"
          },
          "subtracted": [
            {
              "tag": "c:ore_rates/sparse"
            },
            {
              "tag": "c:ore_rates/dense"
            }
          ]
        },
        "result": {
          "fluid": "tconstruct:molten_silver",
          "amount": 18000
        },
        "temperature": 790,
        "time": 150,
        "byproducts": [
          {
            "fluid": "tconstruct:molten_gold",
            "amount": 18000
          }
        ]
      }
    }
  ]
}