{
  "name": "astralrails:platforms/platforms",
  "fallback": "minecraft:empty",
  "elements": [
    {
      "weight": 1,
      "element": {
        "location": "astralrails:dogstatues/statuecrouch",
        "processors": "minecraft:empty",
        "projection": "rigid",
        "element_type": "minecraft:legacy_single_pool_element"
      }
    },
		{
      "weight": 1,
      "element": {
        "location": "astralrails:dogstatues/statuelay",
        "processors": "minecraft:empty",
        "projection": "rigid",
        "element_type": "minecraft:legacy_single_pool_element"
      }
    },
		{
      "weight": 1,
      "element": {
        "location": "astralrails:dogstatues/statuepoised",
        "processors": "minecraft:empty",
        "projection": "rigid",
        "element_type": "minecraft:legacy_single_pool_element"
      }
    },
		{
      "weight": 1,
      "element": {
        "location": "astralrails:dogstatues/statuesit",
        "processors": "minecraft:empty",
        "projection": "rigid",
        "element_type": "minecraft:legacy_single_pool_element"
      }
    }
  ]
}
