{
  "type": "forge:conditional",
  "fabric:load_conditions": [
    {
      "condition": "tconstruct:tag_intersection_present",
      "registry": "minecraft:item",
      "tags": [
        "c:ores/lead",
        "c:ore_rates/sparse"
      ]
    }
  ],
  "recipes": [
    {
      "fabric:load_conditions": [
        {
          "condition": "fabric:item_tags_populated",
          "values": [
            "c:ingots/silver"
          ]
        }
      ],
      "recipe": {
        "type": "tconstruct:ore_melting",
        "rate": "metal",
        "ingredient": {
          "type": "forge:intersection",
          "children": [
            {
              "tag": "c:ores/lead"
            },
            {
              "tag": "c:ore_rates/sparse"
            }
          ]
        },
        "result": {
          "fluid": "tconstruct:molten_lead",
          "amount": 9000
        },
        "temperature": 330,
        "time": 65,
        "byproducts": [
          {
            "fluid": "tconstruct:molten_silver",
            "amount": 9000
          }
        ]
      }
    },
    {
      "fabric:load_conditions": [
        {
          "condition": "porting_lib:true"
        }
      ],
      "recipe": {
        "type": "tconstruct:ore_melting",
        "rate": "metal",
        "ingredient": {
          "type": "forge:intersection",
          "children": [
            {
              "tag": "c:ores/lead"
            },
            {
              "tag": "c:ore_rates/sparse"
            }
          ]
        },
        "result": {
          "fluid": "tconstruct:molten_lead",
          "amount": 9000
        },
        "temperature": 330,
        "time": 65,
        "byproducts": [
          {
            "fluid": "tconstruct:molten_gold",
            "amount": 9000
          }
        ]
      }
    }
  ]
}