{
  "type": "forge:conditional",
  "recipes": [
    {
      "fabric:load_conditions": [
        {
          "condition": "fabric:item_tags_populated",
          "values": [
            "c:ingots/nickel"
          ]
        }
      ],
      "recipe": {
        "type": "tconstruct:ore_melting",
        "rate": "metal",
        "ingredient": [
    {
      "tag": "c:raw_materials/iron"
    },
    {
      "item": "create:crushed_iron_ore"
    }
  ],
        "result": {
          "fluid": "tconstruct:molten_iron",
          "amount": 9000
        },
        "temperature": 800,
        "time": 90,
        "byproducts": [
          {
            "fluid": "tconstruct:molten_copper",
            "amount": 9000
          }
        ]
      }
    },
    {
      "fabric:load_conditions": [
        {
          "condition": "porting_lib:true"
        }
      ],
      "recipe": {
        "type": "tconstruct:ore_melting",
        "rate": "metal",
        "ingredient": [
    {
      "tag": "c:raw_materials/iron"
    },
    {
      "item": "create:crushed_iron_ore"
    }
  ],
        "result": {
          "fluid": "tconstruct:molten_iron",
          "amount": 9000
        },
        "temperature": 800,
        "time": 90,
        "byproducts": [
          {
            "fluid": "tconstruct:molten_copper",
            "amount": 9000
          }
        ]
      }
    }
  ]
}