{
	"type": "custommachinery:custom_machine",
	"machine": "createastral:electrolyser",
	"time": 20,
	"requirements": [
		{
			"type": "custommachinery:structure",
			"keys": {
				"a": "create:copper_casing",
				"b": "createastral:copper_heating_coil"
			},
			"pattern": [
				[
					"aaa",
					"aaa",
					"ama"
				  ],
				  [
					"bbb",
					"bbb",
					"bbb"
				  ],
				  [
					"aaa",
					"aaa",
					"aaa"
				  ]
			]
		  },
		{
			"type": "custommachinery:fluid",
			"fluid": "minecraft:water",
			"amount": 8100,
			"mode": "input"
		},
		{
			"type": "custommachinery:fluid",
			"fluid": "ad_astra:oxygen",
			"amount": 860,
			"mode": "output"
		}
	]
}