{
  "type": "tconstruct:ore_melting",
  "fabric:load_conditions": [
    {
      "condition": "tconstruct:tag_difference_present",
      "registry": "minecraft:item",
      "base": "c:ores/osmium",
      "subtracted": [
        "c:ore_rates/sparse",
        "c:ore_rates/dense"
      ]
    }
  ],
  "rate": "metal",
  "ingredient": {
    "type": "forge:difference",
    "base": {
      "tag": "c:ores/osmium"
    },
    "subtracted": [
      {
        "tag": "c:ore_rates/sparse"
      },
      {
        "tag": "c:ore_rates/dense"
      }
    ]
  },
  "result": {
    "fluid": "tconstruct:molten_osmium",
    "amount": 18000
  },
  "temperature": 975,
  "time": 164,
  "byproducts": [
    {
      "fluid": "tconstruct:molten_iron",
      "amount": 18000
    }
  ]
}