{
  "type": "tconstruct:ore_melting",
  "fabric:load_conditions": [
    {
      "condition": "tconstruct:tag_difference_present",
      "registry": "minecraft:item",
      "base": "c:ores/tin",
      "subtracted": [
        "c:ore_rates/sparse",
        "c:ore_rates/dense"
      ]
    }
  ],
  "rate": "metal",
  "ingredient": {
    "type": "forge:difference",
    "base": {
      "tag": "c:ores/tin"
    },
    "subtracted": [
      {
        "tag": "c:ore_rates/sparse"
      },
      {
        "tag": "c:ore_rates/dense"
      }
    ]
  },
  "result": {
    "fluid": "tconstruct:molten_tin",
    "amount": 18000
  },
  "temperature": 225,
  "time": 98,
  "byproducts": [
    {
      "fluid": "tconstruct:molten_copper",
      "amount": 18000
    }
  ]
}