{
	"credit": "Made with Blockbench",
	"textures": {
		"particle": "catwalksinc:block/catwalk_stairs_side",
		"texture": "catwalksinc:block/catwalk_stairs_side"
	},
	"elements": [
		{
			"from": [8, 18, 14],
			"to": [10, 29, 16],
			"faces": {
				"north": {"uv": [0, 3, 2, 14], "texture": "#texture"},
				"east": {"uv": [0, 3, 2, 14], "rotation": 180, "texture": "#texture"},
				"south": {"uv": [0, 3, 2, 14], "texture": "#texture"},
				"west": {"uv": [0, 3, 2, 14], "rotation": 180, "texture": "#texture"}
			}
		},
		{
			"from": [8, 16, 14],
			"to": [16, 18, 16],
			"faces": {
				"north": {"uv": [0, 14, 8, 16], "texture": "#texture"},
				"east": {"uv": [0, 14, 2, 16], "rotation": 90, "texture": "#texture"},
				"south": {"uv": [8, 14, 16, 16], "texture": "#texture"},
				"west": {"uv": [14, 14, 16, 16], "texture": "#texture"},
				"up": {"uv": [8, 0, 16, 2], "texture": "#texture"},
				"down": {"uv": [8, 14, 16, 16], "texture": "#texture"}
			}
		},
		{
			"from": [8, 29, 14],
			"to": [16, 32, 16],
			"faces": {
				"north": {"uv": [0, 0, 8, 3], "texture": "#texture"},
				"east": {"uv": [7, 0, 9, 3], "texture": "#texture"},
				"south": {"uv": [8, 0, 16, 3], "texture": "#texture"},
				"west": {"uv": [7, 0, 9, 3], "texture": "#texture"},
				"up": {"uv": [8, 0, 16, 2], "texture": "#texture"},
				"down": {"uv": [2, 0, 10, 2], "texture": "#texture"}
			}
		},
		{
			"from": [6, 10, 14],
			"to": [8, 21, 16],
			"faces": {
				"north": {"uv": [0, 3, 2, 14], "texture": "#texture"},
				"east": {"uv": [0, 3, 2, 14], "rotation": 180, "texture": "#texture"},
				"south": {"uv": [0, 3, 2, 14], "texture": "#texture"},
				"west": {"uv": [0, 3, 2, 14], "rotation": 180, "texture": "#texture"}
			}
		},
		{
			"from": [0, 10, 14],
			"to": [2, 21, 16],
			"faces": {
				"north": {"uv": [0, 3, 2, 14], "texture": "#texture"},
				"east": {"uv": [0, 3, 2, 14], "rotation": 180, "texture": "#texture"},
				"south": {"uv": [0, 3, 2, 14], "texture": "#texture"},
				"west": {"uv": [0, 3, 2, 14], "rotation": 180, "texture": "#texture"}
			}
		},
		{
			"from": [0, 8, 14],
			"to": [8, 10, 16],
			"faces": {
				"north": {"uv": [0, 14, 8, 16], "texture": "#texture"},
				"east": {"uv": [0, 14, 2, 16], "rotation": 90, "texture": "#texture"},
				"south": {"uv": [8, 14, 16, 16], "texture": "#texture"},
				"west": {"uv": [0, 14, 2, 16], "rotation": 180, "texture": "#texture"},
				"up": {"uv": [8, 0, 16, 2], "texture": "#texture"},
				"down": {"uv": [8, 14, 16, 16], "texture": "#texture"}
			}
		},
		{
			"from": [0, 21, 14],
			"to": [8, 24, 16],
			"faces": {
				"north": {"uv": [0, 0, 8, 3], "texture": "#texture"},
				"east": {"uv": [7, 0, 9, 3], "texture": "#texture"},
				"south": {"uv": [8, 0, 16, 3], "texture": "#texture"},
				"west": {"uv": [7, 0, 9, 3], "texture": "#texture"},
				"up": {"uv": [8, 0, 16, 2], "texture": "#texture"},
				"down": {"uv": [2, 0, 10, 2], "texture": "#texture"}
			}
		},
		{
			"from": [14, 18, 14],
			"to": [16, 29, 16],
			"faces": {
				"north": {"uv": [0, 3, 2, 14], "texture": "#texture"},
				"east": {"uv": [0, 3, 2, 14], "rotation": 180, "texture": "#texture"},
				"south": {"uv": [0, 3, 2, 14], "texture": "#texture"},
				"west": {"uv": [0, 3, 2, 14], "rotation": 180, "texture": "#texture"}
			}
		}
	]
}