{
	"credit": "Made with Blockbench",
	"parent": "block/block",
	"textures": {
		"particle": "catwalksinc:block/yellow_catwalk_side",
		"texture": "catwalksinc:block/yellow_catwalk_side"
	},
	"elements": [
		{
			"from": [0, 2, 0],
			"to": [2, 14, 2],
			"faces": {
				"north": {"uv": [14, 2, 16, 14], "texture": "#texture"},
				"east": {"uv": [14, 2, 16, 14], "texture": "#texture"},
				"south": {"uv": [14, 2, 16, 14], "texture": "#texture"},
				"west": {"uv": [14, 2, 16, 14], "texture": "#texture"},
				"up": {"uv": [14, 2, 16, 4], "texture": "#texture"},
				"down": {"uv": [14, 2, 16, 4], "texture": "#texture"}
			}
		},
		{
			"from": [14, 2, 0],
			"to": [16, 14, 2],
			"faces": {
				"north": {"uv": [0, 2, 2, 14], "texture": "#texture"},
				"east": {"uv": [0, 2, 2, 14], "texture": "#texture"},
				"south": {"uv": [0, 2, 2, 14], "texture": "#texture"},
				"west": {"uv": [0, 2, 2, 14], "texture": "#texture"},
				"up": {"uv": [0, 2, 2, 4], "texture": "#texture"},
				"down": {"uv": [0, 2, 2, 4], "texture": "#texture"}
			}
		},
		{
			"from": [0, 0, 0],
			"to": [16, 2, 2],
			"faces": {
				"north": {"uv": [0, 14, 16, 16], "texture": "#texture"},
				"east": {"uv": [0, 14, 2, 16], "texture": "#texture"},
				"south": {"uv": [0, 14, 16, 16], "texture": "#texture"},
				"west": {"uv": [0, 14, 2, 16], "texture": "#texture"},
				"up": {"uv": [0, 14, 16, 16], "texture": "#texture"},
				"down": {"uv": [0, 14, 16, 16], "texture": "#texture"}
			}
		},
		{
			"from": [0, 14, 0],
			"to": [16, 16, 2],
			"faces": {
				"north": {"uv": [0, 0, 16, 2], "texture": "#texture"},
				"east": {"uv": [0, 0, 2, 2], "texture": "#texture"},
				"south": {"uv": [0, 0, 16, 2], "texture": "#texture"},
				"west": {"uv": [0, 0, 2, 2], "texture": "#texture"},
				"up": {"uv": [0, 0, 16, 2], "texture": "#texture"},
				"down": {"uv": [0, 0, 16, 2], "texture": "#texture"}
			}
		}
	]
}