{
  "type": "forge:conditional",
  "fabric:load_conditions": [
    {
      "condition": "tconstruct:tag_difference_present",
      "registry": "minecraft:item",
      "base": "c:ores/uranium",
      "subtracted": [
        "c:ore_rates/sparse",
        "c:ore_rates/dense"
      ]
    }
  ],
  "recipes": [
    {
      "fabric:load_conditions": [
        {
          "condition": "fabric:item_tags_populated",
          "values": [
            "c:ingots/lead"
          ]
        }
      ],
      "recipe": {
        "type": "tconstruct:ore_melting",
        "rate": "metal",
        "ingredient": {
          "type": "forge:difference",
          "base": {
            "tag": "c:ores/uranium"
          },
          "subtracted": [
            {
              "tag": "c:ore_rates/sparse"
            },
            {
              "tag": "c:ore_rates/dense"
            }
          ]
        },
        "result": {
          "fluid": "tconstruct:molten_uranium",
          "amount": 18000
        },
        "temperature": 830,
        "time": 153,
        "byproducts": [
          {
            "fluid": "tconstruct:molten_lead",
            "amount": 18000
          }
        ]
      }
    },
    {
      "fabric:load_conditions": [
        {
          "condition": "porting_lib:true"
        }
      ],
      "recipe": {
        "type": "tconstruct:ore_melting",
        "rate": "metal",
        "ingredient": {
          "type": "forge:difference",
          "base": {
            "tag": "c:ores/uranium"
          },
          "subtracted": [
            {
              "tag": "c:ore_rates/sparse"
            },
            {
              "tag": "c:ore_rates/dense"
            }
          ]
        },
        "result": {
          "fluid": "tconstruct:molten_uranium",
          "amount": 18000
        },
        "temperature": 830,
        "time": 153,
        "byproducts": [
          {
            "fluid": "tconstruct:molten_copper",
            "amount": 18000
          }
        ]
      }
    }
  ]
}