{
  "type": "tconstruct:ore_melting",
  "fabric:load_conditions": [
    {
      "condition": "tconstruct:tag_intersection_present",
      "registry": "minecraft:item",
      "tags": [
        "c:ores/diamond",
        "c:ore_rates/dense"
      ]
    }
  ],
  "rate": "gem",
  "ingredient": {
    "type": "forge:intersection",
    "children": [
      {
        "tag": "c:ores/diamond"
      },
      {
        "tag": "c:ore_rates/dense"
      }
    ]
  },
  "result": {
    "fluid": "tconstruct:molten_diamond",
    "amount": 24300
  },
  "temperature": 800,
  "time": 355,
  "byproducts": [
    {
      "fluid": "tconstruct:molten_quartz",
      "amount": 24300
    }
  ]
}