{
  "type": "techreborn:centrifuge",
  "power": 5,
  "time": 2500,
  "ingredients": [
    {
      "item": "minecraft:soul_sand",
      "count": 16
    },
    {
      "item": "techreborn:cell",
      "nbt": "null"
    }
  ],
  "results": [
    {
      "item": "minecraft:sand",
      "count": 10
    },
    {
      "item": "techreborn:saltpeter_dust",
      "count": 4
    },
    {
      "item": "techreborn:coal_dust"
    },
    {
      "item": "techreborn:cell",
      "nbt": {
        "fluid": "ad_astra:oil"
      }
    }
  ]
}