{
  "parts": [
    {
      "item": "tconstruct:hammer_head",
      "weight": 2
    },
    {
      "item": "tconstruct:tough_handle"
    },
    {
      "item": "tconstruct:large_plate"
    },
    {
      "item": "tconstruct:large_plate"
    }
  ],
  "stats": {
    "base": {
      "tconstruct:attack_damage": 3.0,
      "tconstruct:attack_speed": 0.75
    },
    "multipliers": {
      "tconstruct:attack_damage": 1.35,
      "tconstruct:mining_speed": 0.1,
      "tconstruct:durability": 4.0
    }
  },
  "slots": {
    "upgrades": 2,
    "abilities": 1
  },
  "traits": [
    {
      "name": "tconstruct:smite",
      "level": 2
    }
  ],
  "actions": [
    "pickaxe_dig"
  ],
  "harvest": {
    "logic": {
      "type": "tconstruct:effective_tag",
      "effective": "minecraft:mineable/pickaxe"
    },
    "aoe": {
      "type": "tconstruct:box",
      "bonus": {
        "width": 1,
        "height": 1
      },
      "expansions": [
        {
          "width": 1
        },
        {
          "height": 1
        }
      ],
      "expansion_direction": "tconstruct:side_hit"
    }
  },
  "attack": {
    "type": "tconstruct:particle",
    "particle": "tconstruct:hammer_attack"
  }
}