{
  "feature": {
    "type": "minecraft:vegetation_patch",
    "config": {
      "surface": "ceiling",
      "depth": {
        "type": "minecraft:uniform",
        "value": {
          "min_inclusive": 3,
          "max_inclusive": 4
        }
      },
      "vertical_range": 3,
      "extra_bottom_block_chance": 0.25,
      "extra_edge_column_chance": 0.65,
      "vegetation_chance": 0.065,
      "xz_radius": {
        "type": "minecraft:uniform",
        "value": {
          "min_inclusive": 2,
          "max_inclusive": 4
        }
      },
      "replaceable": "#incendium:soul_blocks",
      "ground_state": {
        "type": "minecraft:noise_provider",
        "seed": 393924392,
        "noise": {
          "firstOctave": -4,
          "amplitudes": [
            1.557,
            1,
            1.625,
            2.65,
            3.25
          ]
        },
        "scale": 1,
        "states": [
          {
            "Name": "minecraft:soul_soil"
          },
          {
            "Name": "minecraft:soul_soil"
          },
          {
            "Name": "minecraft:soul_soil"
          },
          {
            "Name": "minecraft:soul_soil"
          },
          {
            "Name": "minecraft:soul_sand"
          },
          {
            "Name": "minecraft:soul_sand"
          },
          {
            "Name": "minecraft:soul_sand"
          },
          {
            "Name": "minecraft:soul_sand"
          },
          {
            "Name": "minecraft:soul_sand"
          },
          {
            "Name": "minecraft:soul_sand"
          },
          {
            "Name": "minecraft:soul_sand"
          },
          {
            "Name": "minecraft:soul_sand"
          },
          {
            "Name": "minecraft:netherrack"
          },
          {
            "Name": "minecraft:nether_wart_block"
          },
          {
            "Name": "minecraft:nether_wart_block"
          },
          {
            "Name": "minecraft:nether_wart_block"
          },
          {
            "Name": "minecraft:nether_wart_block"
          }
        ]
      },
      "vegetation_feature": {
        "feature": {
          "type": "minecraft:random_selector",
          "config": {
            "features": [
              {
                "chance": 0.225,
                "feature": {
        "feature": {
          "type": "minecraft:block_column",
          "config": {
            "direction": "down",
            "allowed_placement": {
              "type": "minecraft:matching_blocks",
              "blocks": [
                "minecraft:air"
              ]
            },
            "prioritize_tip": false,
            "layers": [
              {
                "height": {
                  "type": "minecraft:clamped_normal",
                  "value": {
                    "min_inclusive": 1,
                    "max_inclusive": 5,
                    "mean": 3,
                    "deviation": 2
                  }
                },
                "provider": {
                  "type": "minecraft:simple_state_provider",
                  "state": {
                    "Name": "minecraft:bone_block"
                  }
                }
              }
            ]
          }
        },
        "placement": [
          {
            "type": "minecraft:block_predicate_filter",
            "predicate": {
              "type": "minecraft:all_of",
              "predicates": [
                {
                  "type": "minecraft:matching_blocks",
                  "offset": [
                    0,
                    1,
                    0
                  ],
                  "blocks": [
                    "minecraft:nether_wart_block"
                  ]
                },
                {
                  "type": "minecraft:not",
                  "predicate": {
                    "type": "minecraft:any_of",
                    "predicates": [
                      {
                        "type": "minecraft:matching_blocks",
                        "offset": [
                          0,
                          0,
                          0
                        ],
                        "blocks": [
                          "minecraft:bone_block"
                        ]
                      },
                      {
                        "type": "minecraft:matching_blocks",
                        "offset": [
                          1,
                          0,
                          0
                        ],
                        "blocks": [
                          "minecraft:bone_block"
                        ]
                      },
                      {
                        "type": "minecraft:matching_blocks",
                        "offset": [
                          0,
                          0,
                          1
                        ],
                        "blocks": [
                          "minecraft:bone_block"
                        ]
                      },
                      {
                        "type": "minecraft:matching_blocks",
                        "offset": [
                          -1,
                          0,
                          0
                        ],
                        "blocks": [
                          "minecraft:bone_block"
                        ]
                      },
                      {
                        "type": "minecraft:matching_blocks",
                        "offset": [
                          0,
                          0,
                          -1
                        ],
                        "blocks": [
                          "minecraft:bone_block"
                        ]
                      },
                      {
                        "type": "minecraft:matching_blocks",
                        "offset": [
                          1,
                          0,
                          1
                        ],
                        "blocks": [
                          "minecraft:bone_block"
                        ]
                      },
                      {
                        "type": "minecraft:matching_blocks",
                        "offset": [
                          1,
                          0,
                          -1
                        ],
                        "blocks": [
                          "minecraft:bone_block"
                        ]
                      },
                      {
                        "type": "minecraft:matching_blocks",
                        "offset": [
                          -1,
                          0,
                          1
                        ],
                        "blocks": [
                          "minecraft:bone_block"
                        ]
                      },
                      {
                        "type": "minecraft:matching_blocks",
                        "offset": [
                          -1,
                          0,
                          -1
                        ],
                        "blocks": [
                          "minecraft:bone_block"
                        ]
                      }
                    ]
                  }
                }
              ]
            }
          }
        ]
      }
              }
            ],
            "default": {
              
        "feature": {
          "type": "minecraft:block_column",
          "config": {
            "direction": "down",
            "allowed_placement": {
              "type": "minecraft:all_of",
              "predicates": [
                {
                  "type": "minecraft:matching_blocks",
                  "offset": [
                    0,
                    0,
                    0
                  ],
                  "blocks": [
                    "minecraft:air"
                  ]
                },
                {
                  "type": "minecraft:matching_blocks",
                  "offset": [
                    0,
                    -1,
                    0
                  ],
                  "blocks": [
                    "minecraft:air"
                  ]
                }
              ]
            },
            "prioritize_tip": true,
            "layers": [
              {
                "height": {
                  "type": "minecraft:clamped_normal",
                  "value": {
                    "min_inclusive": 1,
                    "max_inclusive": 4,
                    "mean": 1,
                    "deviation": 1.65
                  }
                },
                "provider": {
                  "type": "minecraft:simple_state_provider",
                  "state": {
                    "Name": "minecraft:weeping_vines_plant"
                  }
                }
              },
              {
                "height": 1,
                "provider": {
                  "type": "minecraft:randomized_int_state_provider",
                  "property": "age",
                  "values": {
                    "type": "minecraft:uniform",
                    "value": {
                      "min_inclusive": 12,
                      "max_inclusive": 23
                    }
                  },
                  "source": {
                    "type": "minecraft:simple_state_provider",
                    "state": {
                      "Name": "minecraft:weeping_vines",
                      "Properties": {
                        "age": "0"
                      }
                    }
                  }
                }
              }
            ]
          }
        },
        "placement": [
          {
            "type": "minecraft:block_predicate_filter",
            "predicate": {
              "type": "minecraft:matching_blocks",
              "offset": [
                0,
                1,
                0
              ],
              "blocks": [
                "minecraft:netherrack","nether_wart_block"
              ]
            }
          }
        ]
      
            }
          }
        },
        "placement": []
      }
    }
  },
  "placement": [
    {
      "type": "minecraft:count",
      "count": 256
    },
    {
      "type": "minecraft:in_square"
    },
    {
      "type": "minecraft:height_range",
      "height": {
        "type": "minecraft:uniform",
        "min_inclusive": {
          "above_bottom": 31
        },
        "max_inclusive": {
          "below_top": 0
        }
      }
    },
    {
      "type": "minecraft:environment_scan",
      "direction_of_search": "up",
      "max_steps": 32,
      "target_condition": {
        "type": "minecraft:all_of",
        "predicates": [
          {
            "type": "minecraft:matching_blocks",
            "offset": [
              0,
              0,
              0
            ],
            "blocks": [
              "minecraft:soul_sand",
              "minecraft:soul_soil"
            ]
          },
          {
            "type": "minecraft:matching_blocks",
            "offset": [
              0,
              -1,
              0
            ],
            "blocks": [
              "minecraft:air"
            ]
          }
        ]
      }
    },
    {
      "type": "minecraft:biome"
    }
  ]
}
