{
  "pools": [
    {
      "rolls": 3,
      "entries": [
        {
          "type": "minecraft:item",
          "name": "techreborn:silver_plate",
          "weight": 5,
          "functions": [
            {
              "function": "minecraft:set_count",
              "count": {
                "min": 1,
                "max": 4
              }
            }
          ]
        },
        {
          "type": "minecraft:item",
          "name": "blackstone",
          "weight": 3,
          "functions": [
            {
              "function": "minecraft:set_count",
              "count": {
                "min": 5,
                "max": 10
              }
            }
          ]
        },
        {
          "type": "minecraft:item",
          "name": "basalt",
          "weight": 1,
          "functions": [
            {
              "function": "minecraft:set_count",
              "count": {
                "min": 6,
                "max": 10
              }
            }
          ]
        }
      ]
    },
    {
      "rolls": 2,
      "entries": [
        {
          "type": "minecraft:item",
          "name": "create:andesite_alloy",
          "weight": 1
        },
        {
          "type": "minecraft:item",
          "name": "create:cogwheel",
          "weight": 3,
          "functions": [
            {
              "function": "minecraft:set_count",
              "count": {
                "min": 3,
                "max": 7
              }
            }
          ]
        },
        {
          "type": "minecraft:item",
          "name": "createastral:shimmering_stone",
          "weight": 5,
          "functions": [
            {
              "function": "minecraft:set_count",
              "count": {
                "min": 1,
                "max": 1
              }
            }
          ]
        },
        {
          "type": "minecraft:item",
          "name": "create:large_cogwheel",
          "weight": 0.5,
          "functions": [
            {
              "function": "minecraft:set_count",
              "count": {
                "min": 1,
                "max": 3
              }
            }
          ]
        },
        {
          "type": "minecraft:item",
          "name": "create:copper_casing",
          "weight": 2,
          "functions": [
            {
              "function": "minecraft:set_count",
              "count": {
                "min": 1,
                "max": 2
              }
            }
          ]
        }
      ]
    },
    {
      "rolls": 2,
      "entries": [
        {
          "type": "minecraft:item",
          "name": "create:gearbox",
          "weight": 5,
          "functions": [
            {
              "function": "minecraft:set_count",
              "count": {
                "min": 1,
                "max": 5
              }
            }
          ],
          "conditions": [
            {
              "condition": "minecraft:random_chance",
              "chance": 0.5
            },
            {
              "condition": "minecraft:entity_properties",
              "entity": "this",
              "predicate": {
                "location": {
                  "biome": "incendium:basalt_deltas_ex"
                }
              }
            }
          ]
        },
        {
          "type": "minecraft:item",
          "name": "ad_astra:iron_plate",
          "weight": 5,
          "functions": [
            {
              "function": "minecraft:set_count",
              "count": {
                "min": 5,
                "max": 10
              }
            }
          ],
          "conditions": [
            {
              "condition": "minecraft:random_chance",
              "chance": 0.5
            },
            {
              "condition": "minecraft:entity_properties",
              "entity": "this",
              "predicate": {
                "location": {
                  "biome": "incendium:basalt_deltas_ex"
                }
              }
            }
          ]
        },
        {
          "type": "minecraft:item",
          "name": "ad_astra:iron_plating",
          "weight": 5,
          "functions": [
            {
              "function": "minecraft:set_count",
              "count": {
                "min": 10,
                "max": 20
              }
            }
          ],
          "conditions": [
            {
              "condition": "minecraft:random_chance",
              "chance": 0.5
            }
          ]
        }
      ]
    }
  ]
}
